Unnamed: 0,label
0,4
1,12
2,1
3,9
4,8
5,4
6,14
7,15
8,7
9,5
10,5
11,3
12,9
13,14
14,5
15,6
16,2
17,14
18,5
19,5
20,13
21,12
22,7
23,13
24,14
25,5
26,13
27,7
28,7
29,2
30,0
31,12
32,11
33,8
34,11
35,13
36,2
37,7
38,9
39,4
40,10
41,8
42,12
43,6
44,8
45,4
46,7
47,14
48,14
49,15
50,9
51,4
52,10
53,6
54,3
55,4
56,3
57,15
58,5
59,2
60,8
61,8
62,14
63,8
64,7
65,7
66,7
67,8
68,14
69,7
70,9
71,13
72,4
73,12
74,13
75,7
76,3
77,7
78,2
79,11
80,12
81,10
82,9
83,12
84,7
85,15
86,9
87,7
88,5
89,3
90,13
91,4
92,5
93,1
94,6
95,10
96,7
97,13
98,8
99,10
100,7
101,15
102,1
103,1
104,7
105,10
106,12
107,8
108,12
109,5
110,8
111,2
112,5
113,7
114,12
115,8
116,14
117,12
118,13
119,6
120,8
121,2
122,10
123,8
124,8
125,15
126,5
127,2
128,6
129,8
130,12
131,10
132,8
133,3
134,4
135,2
136,7
137,11
138,13
139,14
140,1
141,6
142,13
143,3
144,9
145,8
146,12
147,5
148,6
149,4
150,5
151,13
152,8
153,7
154,2
155,7
156,4
157,8
158,7
159,2
160,7
161,7
162,14
163,14
164,13
165,14
166,8
167,7
168,12
169,2
170,9
171,8
172,7
173,9
174,3
175,11
176,13
177,3
178,5
179,11
180,3
181,6
182,4
183,2
184,13
185,14
186,14
187,6
188,3
189,9
190,3
191,5
192,15
193,1
194,8
195,6
196,1
197,4
198,14
199,14
200,11
201,1
202,7
203,10
204,9
205,5
206,13
207,11
208,4
209,5
210,5
211,5
212,7
213,6
214,6
215,7
216,3
217,7
218,4
219,11
220,14
221,8
222,1
223,6
224,8
225,13
226,7
227,8
228,6
229,5
230,11
231,12
232,8
233,11
234,7
235,6
236,6
237,10
238,8
239,6
240,2
241,8
242,1
243,13
244,7
245,10
246,10
247,11
248,13
249,7
250,12
251,4
252,3
253,9
254,3
255,7
256,7
257,5
258,3
259,7
260,4
261,8
262,9
263,10
264,5
265,7
266,9
267,3
268,6
269,7
270,7
271,11
272,12
273,9
274,11
275,13
276,1
277,1
278,4
279,4
280,6
281,7
282,14
283,8
284,7
285,3
286,5
287,1
288,2
289,1
290,4
291,12
292,6
293,8
294,10
295,13
296,1
297,11
298,5
299,5
300,10
301,9
302,7
303,3
304,12
305,8
306,8
307,4
308,6
309,14
310,6
311,1
312,5
313,11
314,14
315,2
316,12
317,6
318,8
319,9
320,10
321,9
322,11
323,7
324,10
325,14
326,7
327,14
328,10
329,15
330,11
331,5
332,9
333,12
334,4
335,13
336,10
337,3
338,4
339,8
340,9
341,9
342,10
343,7
344,15
345,11
346,12
347,11
348,10
349,1
350,6
351,11
352,8
353,8
354,12
355,15
356,3
357,2
358,6
359,13
360,1
361,11
362,7
363,5
364,7
365,4
366,5
367,15
368,7
369,2
370,10
371,7
372,1
373,12
374,11
375,3
376,8
377,13
378,13
379,6
380,2
381,14
382,6
383,3
384,5
385,5
386,6
387,7
388,5
389,5
390,14
391,9
392,10
393,6
394,4
395,15
396,7
397,0
398,14
399,15
400,7
401,6
402,9
403,5
404,5
405,8
406,9
407,11
408,5
409,6
410,11
411,13
412,10
413,2
414,3
415,2
416,15
417,1
418,3
419,10
420,4
421,6
422,1
423,8
424,7
425,4
426,2
427,8
428,7
429,6
430,4
431,11
432,8
433,6
434,6
435,6
436,6
437,2
438,6
439,10
440,4
441,1
442,14
443,7
444,5
445,10
446,11
447,6
448,6
449,5
450,2
451,5
452,4
453,10
454,13
455,10
456,4
457,1
458,5
459,7
460,7
461,10
462,5
463,5
464,11
465,6
466,7
467,2
468,14
469,10
470,15
471,7
472,5
473,3
474,12
475,6
476,7
477,5
478,5
479,1
480,11
481,4
482,1
483,5
484,6
485,5
486,12
487,14
488,5
489,4
490,5
491,7
492,5
493,14
494,8
495,1
496,15
497,7
498,8
499,11
500,5
501,13
502,15
503,9
504,7
505,14
506,8
507,7
508,9
509,3
510,4
511,10
512,8
513,13
514,1
515,6
516,1
517,7
518,7
519,4
520,11
521,1
522,7
523,7
524,4
525,7
526,13
527,3
528,7
529,13
530,12
531,10
532,2
533,10
534,3
535,12
536,5
537,6
538,5
539,10
540,12
541,9
542,13
543,15
544,13
545,5
546,3
547,12
548,15
549,16
550,8
551,12
552,6
553,2
554,10
555,11
556,3
557,7
558,14
559,13
560,7
561,5
562,10
563,8
564,5
565,13
566,7
567,11
568,14
569,4
570,2
571,11
572,1
573,13
574,5
575,6
576,4
577,13
578,5
579,6
580,13
581,9
582,2
583,4
584,1
585,15
586,7
587,11
588,3
589,2
590,2
591,2
592,12
593,8
594,4
595,4
596,9
597,3
598,6
599,13
600,7
601,7
602,8
603,7
604,9
605,7
606,12
607,9
608,4
609,11
610,10
611,5
612,12
613,2
614,0
615,14
616,4
617,11
618,8
619,5
620,7
621,3
622,13
623,14
624,7
625,10
626,6
627,2
628,3
629,12
630,9
631,2
632,12
633,9
634,6
635,11
636,12
637,4
638,2
639,9
640,4
641,2
642,13
643,6
644,16
645,9
646,5
647,11
648,11
649,5
650,12
651,7
652,14
653,14
654,2
655,9
656,1
657,11
658,13
659,7
660,4
661,5
662,16
663,13
664,7
665,7
666,6
667,6
668,10
669,15
670,4
671,3
672,8
673,5
674,13
675,4
676,12
677,7
678,8
679,12
680,4
681,5
682,5
683,13
684,9
685,7
686,4
687,9
688,11
689,7
690,2
691,8
692,5
693,3
694,14
695,3
696,6
697,11
698,5
699,11
700,13
701,15
702,12
703,5
704,3
705,5
706,6
707,5
708,6
709,4
710,2
711,3
712,12
713,8
714,11
715,3
716,9
717,8
718,15
719,6
720,5
721,13
722,14
723,6
724,14
725,1
726,5
727,6
728,11
729,9
730,5
731,4
732,14
733,7
734,5
735,7
736,2
737,8
738,6
739,7
740,11
741,9
742,5
743,11
744,5
745,7
746,13
747,13
748,11
749,8
750,1
751,14
752,6
753,5
754,4
755,5
756,3
757,6
758,5
759,9
760,6
761,4
762,8
763,12
764,15
765,15
766,2
767,10
768,8
769,9
770,3
771,12
772,6
773,12
774,6
775,11
776,9
777,4
778,6
779,8
780,14
781,12
782,12
783,11
784,10
785,8
786,7
787,9
788,7
789,9
790,1
791,6
792,8
793,9
794,9
795,5
796,3
797,7
798,2
799,8
800,5
801,5
802,7
803,5
804,9
805,9
806,7
807,7
808,8
809,14
810,10
811,13
812,4
813,8
814,6
815,5
816,15
817,12
818,8
819,7
820,6
821,12
822,3
823,1
824,13
825,13
826,5
827,5
828,3
829,5
830,1
831,6
832,12
833,10
834,2
835,3
836,11
837,4
838,7
839,13
840,8
841,6
842,1
843,6
844,14
845,6
846,11
847,8
848,2
849,3
850,13
851,7
852,9
853,12
854,11
855,7
856,4
857,5
858,6
859,5
860,8
861,12
862,12
863,4
864,8
865,7
866,12
867,2
868,12
869,7
870,16
871,6
872,4
873,10
874,8
875,2
876,8
877,7
878,8
879,5
880,6
881,6
882,5
883,9
884,12
885,12
886,5
887,14
888,5
889,6
890,6
891,3
892,4
893,8
894,8
895,17
896,4
897,6
898,2
899,7
900,7
901,8
902,5
903,4
904,13
905,5
906,13
907,4
908,15
909,3
910,6
911,9
912,14
913,6
914,11
915,4
916,8
917,3
918,6
919,13
920,8
921,2
922,7
923,13
924,5
925,5
926,14
927,3
928,3
929,14
930,10
931,8
932,7
933,10
934,4
935,1
936,10
937,2
938,3
939,6
940,11
941,8
942,15
943,10
944,5
945,0
946,14
947,7
948,8
949,4
950,7
951,11
952,4
953,1
954,5
955,6
956,12
957,11
958,10
959,6
960,8
961,4
962,8
963,3
964,1
965,14
966,14
967,2
968,10
969,3
970,8
971,13
972,6
973,8
974,7
975,13
976,14
977,6
978,13
979,2
980,6
981,10
982,8
983,7
984,4
985,2
986,9
987,6
988,6
989,12
990,11
991,5
992,7
993,13
994,9
995,6
996,5
997,10
998,11
999,7
1000,5
1001,3
1002,8
1003,9
1004,16
1005,6
1006,6
1007,4
1008,5
1009,2
1010,10
1011,13
1012,4
1013,9
1014,8
1015,2
1016,6
1017,8
1018,11
1019,7
1020,1
1021,7
1022,14
1023,11
1024,7
1025,2
1026,12
1027,1
1028,12
1029,7
1030,8
1031,11
1032,17
1033,6
1034,14
1035,6
1036,5
1037,11
1038,12
1039,4
1040,8
1041,13
1042,14
1043,2
1044,7
1045,12
1046,14
1047,10
1048,12
1049,7
1050,6
1051,6
1052,11
1053,10
1054,3
1055,3
1056,10
1057,5
1058,5
1059,5
1060,4
1061,5
1062,3
1063,13
1064,12
1065,3
1066,5
1067,6
1068,7
1069,7
1070,13
1071,10
1072,11
1073,5
1074,15
1075,10
1076,6
1077,8
1078,3
1079,15
1080,5
1081,12
1082,12
1083,12
1084,9
1085,8
1086,2
1087,3
1088,9
1089,1
1090,3
1091,6
1092,11
1093,5
1094,11
1095,6
1096,16
1097,5
1098,5
1099,5
1100,3
1101,13
1102,12
1103,14
1104,3
1105,6
1106,6
1107,8
1108,5
1109,5
1110,1
1111,7
1112,1
1113,5
1114,15
1115,8
1116,8
1117,1
1118,8
1119,2
1120,5
1121,13
1122,2
1123,12
1124,14
1125,3
1126,7
1127,6
1128,11
1129,7
1130,7
1131,7
1132,8
1133,13
1134,2
1135,12
1136,13
1137,12
1138,2
1139,9
1140,7
1141,7
1142,9
1143,9
1144,6
1145,3
1146,8
1147,7
1148,2
1149,1
1150,13
1151,2
1152,11
1153,15
1154,6
1155,4
1156,6
1157,6
1158,9
1159,12
1160,6
1161,3
1162,7
1163,5
1164,9
1165,6
1166,10
1167,5
1168,9
1169,3
1170,14
1171,6
1172,6
1173,5
1174,12
1175,11
1176,6
1177,11
1178,13
1179,6
1180,13
1181,14
1182,13
1183,5
1184,13
1185,6
1186,13
1187,10
1188,5
1189,13
1190,13
1191,8
1192,10
1193,15
1194,7
1195,1
1196,5
1197,15
1198,13
1199,11
1200,6
1201,10
1202,12
1203,13
1204,8
1205,13
1206,5
1207,4
1208,8
1209,6
1210,12
1211,6
1212,3
1213,6
1214,7
1215,2
1216,13
1217,11
1218,2
1219,11
1220,6
1221,3
1222,11
1223,10
1224,7
1225,4
1226,2
1227,11
1228,14
1229,7
1230,12
1231,4
1232,6
1233,5
1234,12
1235,7
1236,9
1237,9
1238,6
1239,13
1240,3
1241,3
1242,15
1243,6
1244,5
1245,3
1246,8
1247,4
1248,7
1249,12
1250,7
1251,13
1252,13
1253,8
1254,10
1255,14
1256,1
1257,14
1258,6
1259,5
1260,13
1261,3
1262,1
1263,11
1264,11
1265,8
1266,12
1267,9
1268,15
1269,7
1270,11
1271,11
1272,13
1273,11
1274,15
1275,10
1276,13
1277,15
1278,4
1279,4
1280,6
1281,11
1282,10
1283,5
1284,6
1285,12
1286,5
1287,7
1288,4
1289,4
1290,3
1291,11
1292,6
1293,12
1294,12
1295,5
1296,5
1297,8
1298,13
1299,8
1300,2
1301,10
1302,10
1303,6
1304,7
1305,6
1306,10
1307,8
1308,5
1309,6
1310,5
1311,14
1312,12
1313,7
1314,12
1315,6
1316,15
1317,6
1318,6
1319,10
1320,5
1321,9
1322,6
1323,4
1324,6
1325,14
1326,3
1327,4
1328,10
1329,5
1330,4
1331,7
1332,1
1333,5
1334,10
1335,6
1336,11
1337,14
1338,9
1339,13
1340,4
1341,6
1342,6
1343,8
1344,14
1345,8
1346,2
1347,3
1348,7
1349,12
1350,12
1351,8
1352,3
1353,12
1354,13
1355,7
1356,13
1357,6
1358,14
1359,6
1360,5
1361,8
1362,8
1363,7
1364,12
1365,9
1366,8
1367,7
1368,0
1369,12
1370,11
1371,8
1372,1
1373,11
1374,5
1375,13
1376,1
1377,8
1378,1
1379,4
1380,5
1381,2
1382,14
1383,12
1384,3
1385,4
1386,5
1387,5
1388,2
1389,13
1390,5
1391,5
1392,6
1393,7
1394,3
1395,1
1396,3
1397,6
1398,1
1399,8
1400,6
1401,12
1402,14
1403,3
1404,13
1405,13
1406,10
1407,6
1408,7
1409,7
1410,4
1411,1
1412,12
1413,7
1414,9
1415,5
1416,8
1417,7
1418,10
1419,7
1420,13
1421,5
1422,8
1423,5
1424,1
1425,1
1426,7
1427,3
1428,7
1429,9
1430,13
1431,10
1432,2
1433,11
1434,14
1435,2
1436,10
1437,12
1438,13
1439,7
1440,10
1441,6
1442,3
1443,2
1444,6
1445,4
1446,12
1447,11
1448,7
1449,12
1450,3
1451,13
1452,6
1453,4
1454,2
1455,4
1456,3
1457,6
1458,1
1459,13
1460,2
1461,6
1462,10
1463,15
1464,12
1465,8
1466,12
1467,2
1468,5
1469,7
1470,11
1471,6
1472,2
1473,15
1474,13
1475,10
1476,9
1477,8
1478,13
1479,9
1480,7
1481,6
1482,12
1483,3
1484,8
1485,10
1486,10
1487,6
1488,4
1489,6
1490,8
1491,13
1492,8
1493,4
1494,2
1495,14
1496,15
1497,11
1498,11
1499,5
1500,11
1501,14
1502,13
1503,13
1504,7
1505,9
1506,13
1507,8
1508,7
1509,3
1510,7
1511,11
1512,6
1513,9
1514,4
1515,14
1516,12
1517,8
1518,6
1519,5
1520,11
1521,2
1522,7
1523,2
1524,6
1525,8
1526,6
1527,8
1528,2
1529,13
1530,9
1531,5
1532,11
1533,14
1534,2
1535,5
1536,7
1537,6
1538,4
1539,12
1540,7
1541,11
1542,13
1543,2
1544,3
1545,12
1546,6
1547,4
1548,2
1549,9
1550,9
1551,14
1552,13
1553,2
1554,7
1555,5
1556,5
1557,14
1558,5
1559,12
1560,9
1561,11
1562,12
1563,2
1564,4
1565,8
1566,5
1567,6
1568,8
1569,3
1570,3
1571,14
1572,7
1573,9
1574,13
1575,6
1576,5
1577,8
1578,11
1579,5
1580,8
1581,9
1582,8
1583,8
1584,9
1585,6
1586,0
1587,6
1588,12
1589,3
1590,10
1591,6
1592,1
1593,4
1594,7
1595,3
1596,13
1597,5
1598,1
1599,11
1600,5
1601,3
1602,6
1603,4
1604,7
1605,13
1606,7
1607,6
1608,4
1609,15
1610,8
1611,8
1612,6
1613,9
1614,13
1615,1
1616,4
1617,8
1618,8
1619,11
1620,6
1621,10
1622,7
1623,7
1624,3
1625,2
1626,8
1627,14
1628,11
1629,14
1630,12
1631,5
1632,16
1633,12
1634,13
1635,13
1636,2
1637,12
1638,4
1639,4
1640,6
1641,13
1642,5
1643,13
1644,13
1645,3
1646,3
1647,9
1648,6
1649,15
1650,9
1651,1
1652,3
1653,5
1654,6
1655,1
1656,5
1657,2
1658,5
1659,10
1660,5
1661,7
1662,6
1663,10
1664,5
1665,4
1666,6
1667,9
1668,5
1669,9
1670,8
1671,6
1672,13
1673,6
1674,0
1675,10
1676,15
1677,12
1678,4
1679,12
1680,5
1681,3
1682,14
1683,8
1684,4
1685,12
1686,2
1687,14
1688,8
1689,15
1690,12
1691,6
1692,1
1693,14
1694,5
1695,8
1696,2
1697,5
1698,8
1699,4
1700,6
1701,13
1702,7
1703,8
1704,2
1705,5
1706,8
1707,10
1708,2
1709,6
1710,9
1711,8
1712,5
1713,12
1714,7
1715,2
1716,2
1717,8
1718,5
1719,3
1720,4
1721,5
1722,13
1723,7
1724,15
1725,2
1726,3
1727,4
1728,11
1729,14
1730,3
1731,11
1732,11
1733,12
1734,13
1735,7
1736,8
1737,1
1738,4
1739,4
1740,15
1741,7
1742,13
1743,6
1744,11
1745,12
1746,7
1747,11
1748,11
1749,8
1750,7
1751,9
1752,7
1753,4
1754,8
1755,1
1756,5
1757,3
1758,2
1759,5
1760,5
1761,6
1762,9
1763,3
1764,6
1765,11
1766,6
1767,6
1768,13
1769,3
1770,5
1771,1
1772,7
1773,12
1774,3
1775,9
1776,11
1777,3
1778,8
1779,2
1780,5
1781,7
1782,1
1783,2
1784,5
1785,2
1786,13
1787,7
1788,5
1789,12
1790,2
1791,9
1792,10
1793,10
1794,4
1795,5
1796,14
1797,4
1798,1
1799,13
1800,5
1801,11
1802,11
1803,4
1804,2
1805,6
1806,5
1807,13
1808,13
1809,14
1810,7
1811,3
1812,2
1813,10
1814,6
1815,6
1816,5
1817,4
1818,9
1819,9
1820,7
1821,13
1822,4
1823,3
1824,2
1825,10
1826,8
1827,7
1828,5
1829,11
1830,5
1831,6
1832,1
1833,13
1834,6
1835,7
1836,15
1837,6
1838,1
1839,12
1840,1
1841,11
1842,2
1843,12
1844,7
1845,1
1846,5
1847,9
1848,5
1849,13
1850,11
1851,8
1852,7
1853,8
1854,4
1855,10
1856,12
1857,6
1858,12
1859,9
1860,11
1861,4
1862,6
1863,1
1864,3
1865,14
1866,10
1867,8
1868,3
1869,4
1870,6
1871,6
1872,12
1873,10
1874,10
1875,8
1876,7
1877,7
1878,4
1879,5
1880,3
1881,8
1882,11
1883,5
1884,6
1885,8
1886,4
1887,5
1888,7
1889,13
1890,10
1891,4
1892,8
1893,6
1894,4
1895,10
1896,6
1897,9
1898,13
1899,7
1900,15
1901,8
1902,8
1903,6
1904,9
1905,11
1906,12
1907,8
1908,6
1909,14
1910,3
1911,11
1912,4
1913,9
1914,12
1915,13
1916,10
1917,16
1918,6
1919,14
1920,7
1921,3
1922,13
1923,9
1924,3
1925,9
1926,14
1927,4
1928,13
1929,6
1930,11
1931,2
1932,4
1933,7
1934,6
1935,9
1936,7
1937,14
1938,11
1939,2
1940,7
1941,5
1942,14
1943,12
1944,14
1945,12
1946,10
1947,2
1948,14
1949,6
1950,5
1951,6
1952,8
1953,14
1954,5
1955,5
1956,7
1957,7
1958,9
1959,10
1960,16
1961,2
1962,9
1963,13
1964,5
1965,1
1966,14
1967,13
1968,15
1969,0
1970,5
1971,7
1972,6
1973,8
1974,10
1975,14
1976,6
1977,8
1978,16
1979,14
1980,10
1981,5
1982,3
1983,12
1984,8
1985,10
1986,13
1987,2
1988,3
1989,8
1990,13
1991,1
1992,5
1993,12
1994,13
1995,11
1996,9
1997,1
1998,14
1999,4
2000,8
2001,12
2002,14
2003,8
2004,4
2005,2
2006,8
2007,9
2008,13
2009,16
2010,6
2011,8
2012,7
2013,7
2014,6
2015,4
2016,8
2017,4
2018,7
2019,16
2020,4
2021,14
2022,3
2023,6
2024,9
2025,4
2026,11
2027,13
2028,4
2029,8
2030,8
2031,8
2032,4
2033,5
2034,14
2035,4
2036,11
2037,7
2038,14
2039,7
2040,13
2041,6
2042,6
2043,11
2044,3
2045,8
2046,12
2047,13
2048,4
2049,3
2050,13
2051,2
2052,8
2053,7
2054,4
2055,3
2056,8
2057,14
2058,6
2059,13
2060,2
2061,10
2062,12
2063,10
2064,10
2065,9
2066,7
2067,9
2068,10
2069,10
2070,8
2071,6
2072,5
2073,8
2074,12
2075,1
2076,5
2077,15
2078,13
2079,6
2080,8
2081,14
2082,10
2083,7
2084,5
2085,6
2086,3
2087,11
2088,3
2089,15
2090,11
2091,8
2092,14
2093,13
2094,13
2095,1
2096,8
2097,6
2098,3
2099,10
2100,8
2101,6
2102,7
2103,14
2104,9
2105,3
2106,5
2107,3
2108,10
2109,11
2110,4
2111,14
2112,8
2113,3
2114,10
2115,12
2116,7
2117,4
2118,7
2119,15
2120,2
2121,7
2122,11
2123,14
2124,6
2125,12
2126,8
2127,7
2128,13
2129,2
2130,10
2131,12
2132,10
2133,7
2134,13
2135,7
2136,9
2137,8
2138,3
2139,11
2140,12
2141,2
2142,4
2143,7
2144,8
2145,3
2146,7
2147,2
2148,14
2149,12
2150,2
2151,15
2152,9
2153,13
2154,8
2155,13
2156,13
2157,4
2158,8
2159,9
2160,4
2161,14
2162,4
2163,1
2164,7
2165,3
2166,3
2167,2
2168,1
2169,5
2170,14
2171,9
2172,3
2173,10
2174,9
2175,5
2176,12
2177,5
2178,11
2179,6
2180,1
2181,3
2182,14
2183,2
2184,4
2185,4
2186,8
2187,2
2188,5
2189,11
2190,7
2191,9
2192,6
2193,11
2194,1
2195,8
2196,3
2197,5
2198,0
2199,12
2200,4
2201,13
2202,6
2203,4
2204,8
2205,4
2206,3
2207,4
2208,8
2209,7
2210,6
2211,13
2212,5
2213,5
2214,7
2215,1
2216,15
2217,11
2218,5
2219,3
2220,12
2221,12
2222,11
2223,4
2224,7
2225,8
2226,8
2227,6
2228,6
2229,6
2230,12
2231,5
2232,2
2233,6
2234,2
2235,5
2236,8
2237,6
2238,3
2239,4
2240,8
2241,1
2242,14
2243,10
2244,1
2245,8
2246,7
2247,8
2248,2
2249,7
2250,6
2251,4
2252,6
2253,13
2254,8
2255,6
2256,7
2257,4
2258,5
2259,4
2260,5
2261,10
2262,13
2263,3
2264,9
2265,8
2266,13
2267,8
2268,5
2269,16
2270,6
2271,9
2272,4
2273,6
2274,15
2275,3
2276,12
2277,9
2278,5
2279,11
2280,13
2281,13
2282,5
2283,9
2284,12
2285,8
2286,4
2287,8
2288,3
2289,5
2290,4
2291,7
2292,2
2293,13
2294,6
2295,5
2296,14
2297,4
2298,10
2299,9
2300,4
2301,6
2302,9
2303,9
2304,13
2305,3
2306,4
2307,8
2308,9
2309,14
2310,14
2311,7
2312,11
2313,10
2314,7
2315,5
2316,5
2317,14
2318,6
2319,5
2320,9
2321,5
2322,2
2323,11
2324,7
2325,3
2326,2
2327,12
2328,5
2329,4
2330,5
2331,4
2332,6
2333,13
2334,11
2335,7
2336,6
2337,9
2338,11
2339,7
2340,9
2341,13
2342,5
2343,7
2344,6
2345,7
2346,8
2347,3
2348,7
2349,13
2350,5
2351,9
2352,8
2353,6
2354,4
2355,16
2356,7
2357,3
2358,8
2359,13
2360,4
2361,15
2362,2
2363,0
2364,3
2365,14
2366,12
2367,11
2368,3
2369,6
2370,3
2371,4
2372,7
2373,7
2374,4
2375,2
2376,9
2377,5
2378,9
2379,7
2380,3
2381,4
2382,6
2383,8
2384,8
2385,11
2386,1
2387,7
2388,6
2389,12
2390,9
2391,4
2392,11
2393,10
2394,8
2395,6
2396,8
2397,8
2398,13
2399,12
2400,9
2401,6
2402,8
2403,13
2404,12
2405,5
2406,13
2407,5
2408,9
2409,10
2410,5
2411,7
2412,4
2413,6
2414,13
2415,12
2416,14
2417,11
2418,6
2419,12
2420,8
2421,10
2422,6
2423,10
2424,10
2425,15
2426,8
2427,5
2428,3
2429,1
2430,4
2431,10
2432,14
2433,1
2434,7
2435,3
2436,9
2437,4
2438,7
2439,13
2440,8
2441,1
2442,1
2443,4
2444,12
2445,11
2446,10
2447,6
2448,13
2449,8
2450,13
2451,8
2452,7
2453,12
2454,8
2455,15
2456,11
2457,8
2458,4
2459,1
2460,14
2461,8
2462,6
2463,4
2464,7
2465,9
2466,3
2467,4
2468,7
2469,11
2470,2
2471,12
2472,13
2473,14
2474,13
2475,7
2476,12
2477,5
2478,1
2479,5
2480,6
2481,13
2482,12
2483,8
2484,4
2485,8
2486,14
2487,4
2488,11
2489,3
2490,10
2491,13
2492,8
2493,2
2494,1
2495,3
2496,9
2497,11
2498,8
2499,1
2500,8
2501,6
2502,6
2503,4
2504,13
2505,6
2506,13
2507,9
2508,10
2509,9
2510,13
2511,7
2512,10
2513,14
2514,1
2515,4
2516,3
2517,10
2518,6
2519,13
2520,8
2521,5
2522,10
2523,12
2524,4
2525,6
2526,6
2527,5
2528,1
2529,1
2530,2
2531,8
2532,11
2533,6
2534,4
2535,2
2536,5
2537,13
2538,9
2539,5
2540,11
2541,10
2542,5
2543,7
2544,5
2545,12
2546,8
2547,11
2548,10
2549,9
2550,1
2551,12
2552,11
2553,9
2554,5
2555,9
2556,4
2557,9
2558,6
2559,4
2560,1
2561,8
2562,3
2563,5
2564,4
2565,5
2566,11
2567,8
2568,8
2569,2
2570,11
2571,2
2572,7
2573,8
2574,12
2575,11
2576,5
2577,9
2578,13
2579,8
2580,13
2581,10
2582,13
2583,5
2584,6
2585,4
2586,15
2587,11
2588,13
2589,7
2590,13
2591,5
2592,2
2593,4
2594,12
2595,3
2596,6
2597,13
2598,5
2599,9
2600,14
2601,15
2602,3
2603,14
2604,11
2605,2
2606,6
2607,13
2608,1
2609,5
2610,10
2611,0
2612,10
2613,5
2614,7
2615,14
2616,8
2617,5
2618,5
2619,8
2620,3
2621,9
2622,12
2623,7
2624,7
2625,11
2626,7
2627,14
2628,3
2629,5
2630,1
2631,1
2632,7
2633,11
2634,4
2635,1
2636,9
2637,4
2638,5
2639,14
2640,12
2641,1
2642,8
2643,8
2644,6
2645,10
2646,3
2647,6
2648,6
2649,1
2650,2
2651,16
2652,14
2653,13
2654,9
2655,4
2656,1
2657,1
2658,7
2659,5
2660,7
2661,12
2662,14
2663,5
2664,8
2665,5
2666,6
2667,3
2668,2
2669,9
2670,9
2671,11
2672,2
2673,14
2674,8
2675,8
2676,8
2677,14
2678,5
2679,13
2680,7
2681,8
2682,5
2683,7
2684,9
2685,7
2686,10
2687,7
2688,10
2689,12
2690,6
2691,1
2692,14
2693,13
2694,5
2695,4
2696,3
2697,13
2698,13
2699,4
2700,9
2701,7
2702,10
2703,7
2704,6
2705,1
2706,3
2707,10
2708,6
2709,0
2710,15
2711,1
2712,13
2713,8
2714,17
2715,11
2716,12
2717,8
2718,6
2719,10
2720,1
2721,9
2722,3
2723,2
2724,14
2725,5
2726,6
2727,10
2728,14
2729,9
2730,6
2731,12
2732,8
2733,11
2734,10
2735,13
2736,7
2737,7
2738,11
2739,11
2740,12
2741,5
2742,5
2743,10
2744,6
2745,2
2746,8
2747,14
2748,13
2749,6
2750,5
2751,14
2752,8
2753,5
2754,9
2755,12
2756,11
2757,13
2758,5
2759,10
2760,10
2761,10
2762,8
2763,15
2764,6
2765,3
2766,13
2767,14
2768,13
2769,5
2770,11
2771,6
2772,6
2773,3
2774,3
2775,10
2776,7
2777,1
2778,4
2779,11
2780,8
2781,1
2782,12
2783,6
2784,6
2785,13
2786,1
2787,3
2788,6
2789,2
2790,10
2791,12
2792,12
2793,9
2794,10
2795,9
2796,11
2797,3
2798,3
2799,9
2800,5
2801,16
2802,13
2803,10
2804,6
2805,13
2806,10
2807,4
2808,11
2809,12
2810,11
2811,8
2812,7
2813,6
2814,12
2815,4
2816,14
2817,5
2818,11
2819,10
2820,12
2821,7
2822,7
2823,1
2824,3
2825,4
2826,9
2827,8
2828,8
2829,2
2830,5
2831,6
2832,3
2833,5
2834,8
2835,15
2836,12
2837,5
2838,3
2839,6
2840,9
2841,16
2842,2
2843,8
2844,9
2845,3
2846,3
2847,6
2848,14
2849,8
2850,15
2851,5
2852,13
2853,12
2854,9
2855,8
2856,12
2857,11
2858,8
2859,5
2860,6
2861,6
2862,6
2863,12
2864,15
2865,6
2866,7
2867,9
2868,3
2869,6
2870,15
2871,6
2872,1
2873,7
2874,6
2875,6
2876,6
2877,6
2878,8
2879,6
2880,9
2881,3
2882,7
2883,2
2884,6
2885,2
2886,10
2887,7
2888,4
2889,2
2890,2
2891,14
2892,6
2893,14
2894,1
2895,7
2896,7
2897,6
2898,12
2899,1
2900,15
2901,12
2902,8
2903,5
2904,2
2905,11
2906,13
2907,10
2908,5
2909,5
2910,13
2911,13
2912,14
2913,4
2914,2
2915,13
2916,15
2917,5
2918,13
2919,1
2920,8
2921,12
2922,7
2923,14
2924,7
2925,15
2926,6
2927,5
2928,12
2929,12
2930,3
2931,3
2932,3
2933,6
2934,3
2935,3
2936,7
2937,3
2938,12
2939,3
2940,5
2941,7
2942,11
2943,15
2944,8
2945,8
2946,4
2947,7
2948,8
2949,9
2950,6
2951,13
2952,6
2953,1
2954,6
2955,14
2956,11
2957,14
2958,11
2959,5
2960,5
2961,8
2962,7
2963,10
2964,3
2965,6
2966,5
2967,6
2968,4
2969,7
2970,8
2971,10
2972,12
2973,12
2974,10
2975,12
2976,2
2977,9
2978,10
2979,8
2980,3
2981,3
2982,4
2983,11
2984,7
2985,6
2986,13
2987,7
2988,15
2989,3
2990,5
2991,10
2992,11
2993,10
2994,6
2995,11
2996,11
2997,1
2998,3
2999,6
3000,8
3001,14
3002,13
3003,11
3004,7
3005,6
3006,9
3007,10
3008,7
3009,1
3010,7
3011,12
3012,8
3013,4
3014,14
3015,4
3016,12
3017,13
3018,4
3019,7
3020,11
3021,13
3022,3
3023,11
3024,9
3025,1
3026,11
3027,6
3028,5
3029,11
3030,12
3031,14
3032,14
3033,10
3034,5
3035,6
3036,16
3037,12
3038,4
3039,6
3040,13
3041,5
3042,12
3043,13
3044,4
3045,9
3046,2
3047,12
3048,8
3049,5
3050,7
3051,3
3052,12
3053,5
3054,8
3055,13
3056,12
3057,3
3058,8
3059,1
3060,6
3061,12
3062,5
3063,14
3064,7
3065,7
3066,5
3067,4
3068,6
3069,14
3070,4
3071,7
3072,12
3073,6
3074,5
3075,7
3076,7
3077,5
3078,10
3079,1
3080,11
3081,12
3082,5
3083,10
3084,11
3085,13
3086,6
3087,14
3088,7
3089,9
3090,12
3091,7
3092,7
3093,5
3094,5
3095,13
3096,13
3097,10
3098,5
3099,7
3100,4
3101,6
3102,7
3103,2
3104,1
3105,5
3106,14
3107,2
3108,7
3109,15
3110,6
3111,10
3112,12
3113,7
3114,6
3115,2
3116,5
3117,9
3118,8
3119,5
3120,14
3121,3
3122,6
3123,7
3124,7
3125,9
3126,7
3127,4
3128,14
3129,1
3130,12
3131,9
3132,5
3133,2
3134,6
3135,9
3136,6
3137,14
3138,8
3139,9
3140,5
3141,11
3142,14
3143,4
3144,8
3145,5
3146,11
3147,3
3148,2
3149,3
3150,10
3151,1
3152,6
3153,12
3154,13
3155,7
3156,6
3157,13
3158,12
3159,11
3160,13
3161,9
3162,5
3163,5
3164,2
3165,10
3166,7
3167,5
3168,8
3169,10
3170,12
3171,6
3172,5
3173,14
3174,7
3175,7
3176,10
3177,3
3178,12
3179,2
3180,14
3181,12
3182,10
3183,11
3184,3
3185,4
3186,12
3187,7
3188,3
3189,7
3190,4
3191,5
3192,8
3193,12
3194,12
3195,2
3196,2
3197,5
3198,11
3199,6
3200,5
3201,7
3202,12
3203,8
3204,11
3205,3
3206,14
3207,12
3208,6
3209,12
3210,1
3211,11
3212,1
3213,7
3214,3
3215,13
3216,5
3217,2
3218,11
3219,14
3220,2
3221,2
3222,13
3223,14
3224,6
3225,12
3226,11
3227,11
3228,4
3229,7
3230,11
3231,6
3232,8
3233,5
3234,12
3235,10
3236,4
3237,8
3238,14
3239,4
3240,8
3241,2
3242,7
3243,11
3244,6
3245,3
3246,6
3247,4
3248,4
3249,3
3250,9
3251,7
3252,5
3253,12
3254,14
3255,8
3256,6
3257,8
3258,1
3259,9
3260,4
3261,8
3262,11
3263,11
3264,6
3265,11
3266,6
3267,8
3268,8
3269,9
3270,12
3271,10
3272,6
3273,4
3274,5
3275,8
3276,1
3277,6
3278,7
3279,4
3280,7
3281,14
3282,9
3283,3
3284,6
3285,11
3286,10
3287,2
3288,2
3289,5
3290,5
3291,11
3292,1
3293,11
3294,5
3295,10
3296,5
3297,3
3298,7
3299,8
3300,4
3301,14
3302,12
3303,12
3304,7
3305,2
3306,0
3307,2
3308,5
3309,5
3310,15
3311,13
3312,5
3313,8
3314,6
3315,7
3316,14
3317,8
3318,4
3319,8
3320,7
3321,4
3322,4
3323,12
3324,7
3325,3
3326,15
3327,12
3328,4
3329,4
3330,11
3331,5
3332,7
3333,7
3334,2
3335,4
3336,11
3337,7
3338,6
3339,2
3340,8
3341,12
3342,2
3343,2
3344,12
3345,12
3346,9
3347,6
3348,9
3349,7
3350,6
3351,3
3352,6
3353,2
3354,3
3355,3
3356,10
3357,3
3358,9
3359,8
3360,6
3361,2
3362,8
3363,10
3364,6
3365,4
3366,8
3367,5
3368,7
3369,2
3370,6
3371,12
3372,14
3373,9
3374,5
3375,3
3376,9
3377,8
3378,5
3379,3
3380,13
3381,7
3382,1
3383,12
3384,12
3385,5
3386,12
3387,4
3388,2
3389,5
3390,10
3391,14
3392,5
3393,11
3394,12
3395,9
3396,13
3397,13
3398,10
3399,6
3400,8
3401,14
3402,13
3403,4
3404,0
3405,12
3406,5
3407,7
3408,10
3409,6
3410,0
3411,10
3412,15
3413,1
3414,5
3415,6
3416,4
3417,1
3418,3
3419,4
3420,8
3421,12
3422,14
3423,13
3424,4
3425,6
3426,5
3427,9
3428,8
3429,12
3430,8
3431,9
3432,14
3433,7
3434,5
3435,10
3436,11
3437,13
3438,6
3439,14
3440,7
3441,6
3442,12
3443,9
3444,7
3445,1
3446,12
3447,3
3448,3
3449,1
3450,9
3451,4
3452,4
3453,4
3454,7
3455,7
3456,6
3457,9
3458,14
3459,5
3460,2
3461,13
3462,3
3463,4
3464,4
3465,6
3466,6
3467,11
3468,1
3469,6
3470,5
3471,13
3472,4
3473,12
3474,5
3475,10
3476,11
3477,5
3478,7
3479,8
3480,12
3481,8
3482,7
3483,1
3484,1
3485,7
3486,8
3487,9
3488,16
3489,13
3490,2
3491,7
3492,12
3493,0
3494,7
3495,5
3496,1
3497,5
3498,5
3499,9
3500,6
3501,12
3502,13
3503,8
3504,12
3505,14
3506,8
3507,1
3508,8
3509,3
3510,5
3511,7
3512,6
3513,15
3514,1
3515,9
3516,13
3517,8
3518,9
3519,9
3520,2
3521,13
3522,4
3523,13
3524,12
3525,13
3526,7
3527,6
3528,12
3529,7
3530,12
3531,3
3532,4
3533,11
3534,11
3535,3
3536,6
3537,8
3538,12
3539,6
3540,11
3541,15
3542,11
3543,6
3544,8
3545,9
3546,8
3547,4
3548,10
3549,8
3550,7
3551,15
3552,16
3553,9
3554,4
3555,7
3556,10
3557,7
3558,8
3559,1
3560,9
3561,1
3562,6
3563,10
3564,7
3565,10
3566,4
3567,2
3568,10
3569,13
3570,11
3571,12
3572,5
3573,1
3574,1
3575,3
3576,7
3577,4
3578,6
3579,0
3580,7
3581,5
3582,5
3583,2
3584,5
3585,11
3586,14
3587,3
3588,7
3589,3
3590,8
3591,5
3592,3
3593,12
3594,13
3595,5
3596,12
3597,5
3598,6
3599,11
3600,8
3601,12
3602,5
3603,10
3604,11
3605,6
3606,3
3607,13
3608,7
3609,5
3610,13
3611,5
3612,13
3613,14
3614,9
3615,12
3616,13
3617,9
3618,3
3619,12
3620,0
3621,9
3622,5
3623,4
3624,11
3625,6
3626,9
3627,4
3628,6
3629,6
3630,2
3631,7
3632,8
3633,12
3634,7
3635,1
3636,2
3637,3
3638,13
3639,6
3640,11
3641,12
3642,7
3643,14
3644,5
3645,14
3646,8
3647,14
3648,12
3649,9
3650,8
3651,5
3652,4
3653,10
3654,13
3655,14
3656,6
3657,12
3658,8
3659,7
3660,10
3661,5
3662,5
3663,9
3664,9
3665,6
3666,1
3667,14
3668,3
3669,6
3670,1
3671,12
3672,13
3673,7
3674,7
3675,5
3676,10
3677,12
3678,7
3679,5
3680,7
3681,7
3682,3
3683,13
3684,14
3685,14
3686,8
3687,13
3688,10
3689,13
3690,5
3691,16
3692,3
3693,3
3694,14
3695,12
3696,8
3697,6
3698,3
3699,13
3700,4
3701,13
3702,12
3703,3
3704,9
3705,5
3706,7
3707,12
3708,5
3709,8
3710,4
3711,8
3712,9
3713,9
3714,9
3715,3
3716,8
3717,11
3718,7
3719,7
3720,3
3721,11
3722,1
3723,3
3724,11
3725,14
3726,12
3727,9
3728,3
3729,9
3730,4
3731,13
3732,1
3733,6
3734,12
3735,12
3736,7
3737,8
3738,7
3739,7
3740,13
3741,4
3742,13
3743,7
3744,1
3745,1
3746,8
3747,8
3748,7
3749,7
3750,12
3751,8
3752,5
3753,12
3754,4
3755,14
3756,13
3757,7
3758,12
3759,7
3760,5
3761,15
3762,12
3763,7
3764,7
3765,6
3766,2
3767,6
3768,15
3769,14
3770,5
3771,11
3772,10
3773,5
3774,6
3775,13
3776,8
3777,3
3778,7
3779,3
3780,12
3781,5
3782,1
3783,3
3784,10
3785,9
3786,11
3787,8
3788,5
3789,6
3790,14
3791,3
3792,4
3793,9
3794,4
3795,12
3796,4
3797,10
3798,1
3799,3
3800,7
3801,14
3802,9
3803,7
3804,7
3805,8
3806,3
3807,9
3808,10
3809,14
3810,15
3811,1
3812,15
3813,7
3814,4
3815,14
3816,3
3817,9
3818,6
3819,9
3820,8
3821,2
3822,7
3823,3
3824,7
3825,10
3826,7
3827,7
3828,16
3829,5
3830,8
3831,1
3832,3
3833,15
3834,9
3835,12
3836,4
3837,7
3838,3
3839,13
3840,15
3841,15
3842,7
3843,5
3844,10
3845,11
3846,12
3847,5
3848,12
3849,4
3850,4
3851,13
3852,1
3853,12
3854,12
3855,9
3856,14
3857,3
3858,9
3859,10
3860,15
3861,12
3862,5
3863,17
3864,8
3865,10
3866,7
3867,5
3868,3
3869,3
3870,5
3871,3
3872,15
3873,5
3874,5
3875,2
3876,10
3877,4
3878,12
3879,1
3880,12
3881,5
3882,4
3883,12
3884,12
3885,13
3886,6
3887,3
3888,5
3889,6
3890,2
3891,4
3892,6
3893,4
3894,2
3895,6
3896,12
3897,11
3898,13
3899,13
3900,14
3901,2
3902,10
3903,1
3904,4
3905,8
3906,13
3907,12
3908,10
3909,11
3910,8
3911,3
3912,8
3913,0
3914,5
3915,7
3916,6
3917,3
3918,5
3919,15
3920,13
3921,13
3922,1
3923,8
3924,12
3925,7
3926,5
3927,6
3928,3
3929,12
3930,8
3931,11
3932,12
3933,5
3934,6
3935,7
3936,13
3937,6
3938,3
3939,9
3940,6
3941,13
3942,8
3943,13
3944,13
3945,3
3946,12
3947,3
3948,8
3949,7
3950,3
3951,15
3952,3
3953,12
3954,7
3955,14
3956,3
3957,4
3958,12
3959,7
3960,13
3961,7
3962,2
3963,14
3964,6
3965,13
3966,4
3967,9
3968,3
3969,11
3970,6
3971,4
3972,7
3973,2
3974,10
3975,6
3976,10
3977,11
3978,13
3979,5
3980,6
3981,2
3982,2
3983,14
3984,4
3985,6
3986,9
3987,3
3988,1
3989,6
3990,7
3991,7
3992,9
3993,10
3994,3
3995,2
3996,10
3997,11
3998,11
3999,14
4000,14
4001,4
4002,2
4003,4
4004,4
4005,10
4006,7
4007,6
4008,3
4009,8
4010,5
4011,11
4012,7
4013,13
4014,7
4015,4
4016,7
4017,8
4018,5
4019,5
4020,3
4021,6
4022,13
4023,5
4024,2
4025,12
4026,5
4027,8
4028,15
4029,11
4030,16
4031,12
4032,11
4033,15
4034,7
4035,10
4036,10
4037,6
4038,6
4039,15
4040,12
4041,7
4042,3
4043,12
4044,14
4045,8
4046,15
4047,6
4048,4
4049,12
4050,3
4051,4
4052,8
4053,6
4054,8
4055,7
4056,7
4057,4
4058,7
4059,7
4060,12
4061,3
4062,7
4063,11
4064,8
4065,6
4066,9
4067,12
4068,1
4069,2
4070,7
4071,5
4072,3
4073,11
4074,4
4075,6
4076,10
4077,14
4078,14
4079,6
4080,8
4081,9
4082,3
4083,7
4084,11
4085,12
4086,3
4087,12
4088,1
4089,3
4090,5
4091,11
4092,9
4093,12
4094,11
4095,1
4096,7
4097,12
4098,5
4099,8
4100,4
4101,2
4102,6
4103,14
4104,7
4105,7
4106,3
4107,6
4108,11
4109,14
4110,12
4111,13
4112,6
4113,5
4114,13
4115,6
4116,15
4117,3
4118,3
4119,11
4120,3
4121,6
4122,14
4123,8
4124,12
4125,2
4126,4
4127,7
4128,5
4129,12
4130,6
4131,2
4132,2
4133,7
4134,11
4135,7
4136,2
4137,8
4138,12
4139,9
4140,3
4141,6
4142,5
4143,13
4144,13
4145,6
4146,12
4147,10
4148,3
4149,11
4150,4
4151,6
4152,5
4153,6
4154,7
4155,4
4156,5
4157,3
4158,11
4159,4
4160,11
4161,15
4162,9
4163,4
4164,8
4165,9
4166,3
4167,4
4168,6
4169,13
4170,5
4171,12
4172,1
4173,3
4174,11
4175,8
4176,1
4177,8
4178,10
4179,12
4180,13
4181,11
4182,4
4183,7
4184,7
4185,7
4186,2
4187,8
4188,4
4189,5
4190,5
4191,4
4192,5
4193,11
4194,5
4195,1
4196,10
4197,5
4198,13
4199,7
4200,6
4201,11
4202,3
4203,11
4204,1
4205,13
4206,8
4207,11
4208,12
4209,12
4210,4
4211,5
4212,3
4213,11
4214,1
4215,8
4216,9
4217,10
4218,4
4219,5
4220,4
4221,8
4222,5
4223,8
4224,2
4225,11
4226,15
4227,8
4228,15
4229,16
4230,4
4231,5
4232,5
4233,7
4234,6
4235,10
4236,3
4237,6
4238,8
4239,6
4240,4
4241,10
4242,9
4243,12
4244,14
4245,5
4246,7
4247,12
4248,6
4249,6
4250,12
4251,10
4252,2
4253,3
4254,4
4255,8
4256,11
4257,4
4258,14
4259,7
4260,4
4261,2
4262,12
4263,3
4264,5
4265,7
4266,8
4267,7
4268,10
4269,2
4270,12
4271,13
4272,7
4273,12
4274,2
4275,7
4276,4
4277,6
4278,12
4279,14
4280,11
4281,6
4282,16
4283,9
4284,7
4285,11
4286,13
4287,1
4288,10
4289,13
4290,13
4291,11
4292,4
4293,1
4294,9
4295,3
4296,6
4297,1
4298,6
4299,4
4300,7
4301,15
4302,7
4303,13
4304,13
4305,14
4306,6
4307,3
4308,6
4309,2
4310,13
4311,3
4312,14
4313,1
4314,3
4315,9
4316,1
4317,3
4318,8
4319,7
4320,15
4321,12
4322,7
4323,12
4324,1
4325,12
4326,10
4327,3
4328,14
4329,9
4330,2
4331,4
4332,7
4333,7
4334,6
4335,5
4336,2
4337,6
4338,6
4339,1
4340,8
4341,10
4342,4
4343,4
4344,9
4345,12
4346,6
4347,9
4348,1
4349,8
4350,4
4351,7
4352,12
4353,12
4354,18
4355,10
4356,9
4357,8
4358,4
4359,7
4360,7
4361,12
4362,13
4363,4
4364,2
4365,6
4366,11
4367,11
4368,9
4369,3
4370,5
4371,12
4372,5
4373,3
4374,15
4375,8
4376,5
4377,12
4378,2
4379,4
4380,6
4381,1
4382,5
4383,5
4384,3
4385,4
4386,10
4387,12
4388,14
4389,3
4390,7
4391,10
4392,13
4393,4
4394,3
4395,14
4396,13
4397,8
4398,8
4399,11
4400,13
4401,5
4402,11
4403,9
4404,14
4405,5
4406,4
4407,5
4408,1
4409,10
4410,6
4411,2
4412,5
4413,6
4414,8
4415,2
4416,16
4417,2
4418,7
4419,5
4420,14
4421,8
4422,6
4423,8
4424,10
4425,9
4426,5
4427,2
4428,7
4429,4
4430,10
4431,12
4432,4
4433,11
4434,13
4435,15
4436,4
4437,12
4438,6
4439,6
4440,5
4441,5
4442,6
4443,11
4444,7
4445,13
4446,14
4447,2
4448,12
4449,4
4450,9
4451,4
4452,3
4453,15
4454,8
4455,6
4456,10
4457,12
4458,2
4459,9
4460,10
4461,12
4462,7
4463,13
4464,12
4465,6
4466,2
4467,2
4468,7
4469,13
4470,5
4471,4
4472,9
4473,5
4474,5
4475,3
4476,3
4477,5
4478,15
4479,8
4480,7
4481,16
4482,3
4483,7
4484,4
4485,5
4486,4
4487,5
4488,6
4489,7
4490,12
4491,6
4492,1
4493,4
4494,12
4495,6
4496,7
4497,3
4498,6
4499,13
4500,7
4501,6
4502,7
4503,7
4504,9
4505,4
4506,8
4507,11
4508,12
4509,9
4510,6
4511,12
4512,10
4513,15
4514,6
4515,8
4516,11
4517,13
4518,6
4519,6
4520,5
4521,2
4522,8
4523,5
4524,2
4525,2
4526,0
4527,4
4528,4
4529,7
4530,6
4531,7
4532,9
4533,11
4534,13
4535,9
4536,2
4537,12
4538,3
4539,3
4540,10
4541,7
4542,6
4543,4
4544,12
4545,5
4546,11
4547,4
4548,7
4549,8
4550,3
4551,13
4552,4
4553,6
4554,13
4555,15
4556,8
4557,1
4558,13
4559,3
4560,10
4561,12
4562,7
4563,14
4564,8
4565,7
4566,6
4567,5
4568,6
4569,5
4570,8
4571,12
4572,6
4573,11
4574,8
4575,4
4576,12
4577,13
4578,4
4579,14
4580,11
4581,2
4582,12
4583,11
4584,12
4585,13
4586,4
4587,13
4588,10
4589,13
4590,8
4591,4
4592,12
4593,3
4594,13
4595,15
4596,12
4597,2
4598,5
4599,1
4600,10
4601,12
4602,1
4603,8
4604,2
4605,7
4606,12
4607,1
4608,0
4609,8
4610,9
4611,7
4612,4
4613,14
4614,16
4615,11
4616,8
4617,13
4618,7
4619,11
4620,5
4621,5
4622,13
4623,7
4624,15
4625,8
4626,13
4627,7
4628,12
4629,2
4630,13
4631,8
4632,4
4633,4
4634,3
4635,3
4636,14
4637,6
4638,7
4639,6
4640,9
4641,8
4642,3
4643,12
4644,11
4645,4
4646,4
4647,14
4648,13
4649,4
4650,13
4651,8
4652,5
4653,3
4654,8
4655,4
4656,11
4657,8
4658,10
4659,5
4660,6
4661,7
4662,6
4663,12
4664,1
4665,15
4666,5
4667,4
4668,5
4669,4
4670,7
4671,3
4672,4
4673,4
4674,6
4675,11
4676,4
4677,8
4678,6
4679,12
4680,10
4681,5
4682,6
4683,12
4684,3
4685,11
4686,8
4687,13
4688,8
4689,2
4690,6
4691,7
4692,13
4693,6
4694,14
4695,4
4696,10
4697,4
4698,7
4699,2
4700,12
4701,10
4702,5
4703,1
4704,7
4705,1
4706,8
4707,5
4708,3
4709,7
4710,9
4711,11
4712,15
4713,11
4714,1
4715,14
4716,11
4717,16
4718,4
4719,7
4720,15
4721,6
4722,9
4723,8
4724,15
4725,8
4726,8
4727,5
4728,2
4729,4
4730,6
4731,9
4732,12
4733,3
4734,6
4735,8
4736,6
4737,5
4738,1
4739,12
4740,12
4741,13
4742,7
4743,14
4744,11
4745,5
4746,10
4747,8
4748,13
4749,7
4750,12
4751,7
4752,3
4753,13
4754,13
4755,8
4756,1
4757,9
4758,14
4759,4
4760,6
4761,7
4762,12
4763,5
4764,7
4765,10
4766,7
4767,14
4768,5
4769,12
4770,0
4771,7
4772,8
4773,2
4774,12
4775,9
4776,5
4777,1
4778,9
4779,7
4780,12
4781,6
4782,1
4783,13
4784,10
4785,7
4786,11
4787,10
4788,13
4789,2
4790,7
4791,5
4792,4
4793,9
4794,6
4795,4
4796,2
4797,2
4798,4
4799,2
4800,3
4801,1
4802,12
4803,12
4804,7
4805,5
4806,11
4807,5
4808,10
4809,15
4810,11
4811,10
4812,8
4813,12
4814,4
4815,8
4816,8
4817,14
4818,6
4819,1
4820,6
4821,3
4822,11
4823,15
4824,7
4825,2
4826,5
4827,13
4828,8
4829,4
4830,8
4831,7
4832,5
4833,3
4834,13
4835,11
4836,7
4837,12
4838,8
4839,6
4840,4
4841,6
4842,4
4843,9
4844,3
4845,15
4846,6
4847,7
4848,7
4849,14
4850,14
4851,7
4852,13
4853,3
4854,1
4855,16
4856,2
4857,3
4858,2
4859,12
4860,5
4861,4
4862,13
4863,5
4864,14
4865,7
4866,9
4867,13
4868,5
4869,4
4870,6
4871,8
4872,2
4873,3
4874,12
4875,6
4876,7
4877,11
4878,7
4879,13
4880,14
4881,12
4882,1
4883,8
4884,5
4885,2
4886,13
4887,13
4888,6
4889,7
4890,14
4891,5
4892,3
4893,6
4894,7
4895,14
4896,3
4897,11
4898,11
4899,7
4900,11
4901,7
4902,11
4903,4
4904,7
4905,12
4906,3
4907,5
4908,12
4909,5
4910,12
4911,7
4912,10
4913,7
4914,12
4915,12
4916,8
4917,7
4918,11
4919,12
4920,7
4921,6
4922,14
4923,6
4924,1
4925,3
4926,1
4927,8
4928,6
4929,13
4930,4
4931,7
4932,14
4933,8
4934,3
4935,7
4936,8
4937,4
4938,5
4939,13
4940,13
4941,11
4942,7
4943,11
4944,14
4945,13
4946,15
4947,14
4948,7
4949,14
4950,15
4951,6
4952,7
4953,6
4954,4
4955,6
4956,1
4957,14
4958,6
4959,9
4960,13
4961,8
4962,12
4963,8
4964,10
4965,8
4966,14
4967,8
4968,6
4969,8
4970,12
4971,6
4972,3
4973,8
4974,7
4975,11
4976,4
4977,9
4978,9
4979,6
4980,10
4981,9
4982,7
4983,7
4984,14
4985,13
4986,9
4987,2
4988,13
4989,13
4990,2
4991,13
4992,5
4993,4
4994,6
4995,4
4996,6
4997,4
4998,2
4999,6
5000,10
5001,12
5002,5
5003,4
5004,2
5005,12
5006,0
5007,9
5008,6
5009,12
5010,0
5011,6
5012,8
5013,13
5014,13
5015,10
5016,7
5017,9
5018,9
5019,1
5020,14
5021,13
5022,13
5023,8
5024,11
5025,7
5026,2
5027,3
5028,5
5029,5
5030,1
5031,11
5032,10
5033,7
5034,14
5035,4
5036,9
5037,5
5038,13
5039,8
5040,5
5041,12
5042,5
5043,11
5044,4
5045,14
5046,3
5047,10
5048,3
5049,2
5050,6
5051,5
5052,6
5053,6
5054,5
5055,6
5056,6
5057,3
5058,7
5059,5
5060,5
5061,3
5062,6
5063,4
5064,15
5065,16
5066,5
5067,14
5068,5
5069,4
5070,11
5071,11
5072,4
5073,5
5074,6
5075,12
5076,2
5077,5
5078,11
5079,12
5080,2
5081,7
5082,7
5083,13
5084,7
5085,6
5086,1
5087,1
5088,3
5089,13
5090,7
5091,12
5092,5
5093,4
5094,10
5095,5
5096,14
5097,8
5098,13
5099,7
5100,5
5101,4
5102,16
5103,2
5104,14
5105,12
5106,10
5107,7
5108,5
5109,3
5110,13
5111,13
5112,14
5113,9
5114,2
5115,14
5116,6
5117,9
5118,8
5119,7
5120,5
5121,15
5122,1
5123,4
5124,6
5125,5
5126,15
5127,5
5128,10
5129,15
5130,7
5131,2
5132,7
5133,14
5134,4
5135,12
5136,10
5137,7
5138,10
5139,12
5140,3
5141,6
5142,11
5143,14
5144,13
5145,14
5146,13
5147,8
5148,3
5149,13
5150,1
5151,4
5152,15
5153,15
5154,9
5155,5
5156,5
5157,12
5158,8
5159,8
5160,5
5161,8
5162,15
5163,7
5164,12
5165,8
5166,15
5167,9
5168,12
5169,4
5170,8
5171,8
5172,8
5173,5
5174,8
5175,3
5176,6
5177,12
5178,6
5179,3
5180,11
5181,7
5182,11
5183,1
5184,7
5185,3
5186,4
5187,9
5188,9
5189,9
5190,3
5191,12
5192,6
5193,6
5194,7
5195,14
5196,15
5197,13
5198,2
5199,6
5200,5
5201,11
5202,3
5203,7
5204,6
5205,5
5206,10
5207,5
5208,7
5209,13
5210,4
5211,14
5212,1
5213,5
5214,5
5215,13
5216,11
5217,4
5218,12
5219,3
5220,2
5221,4
5222,5
5223,1
5224,4
5225,11
5226,5
5227,4
5228,11
5229,10
5230,11
5231,6
5232,7
5233,4
5234,11
5235,4
5236,14
5237,4
5238,7
5239,6
5240,8
5241,4
5242,2
5243,7
5244,11
5245,5
5246,12
5247,12
5248,6
5249,5
5250,13
5251,14
5252,3
5253,12
5254,3
5255,15
5256,14
5257,5
5258,13
5259,1
5260,5
5261,4
5262,4
5263,8
5264,8
5265,11
5266,5
5267,7
5268,2
5269,10
5270,9
5271,13
5272,11
5273,5
5274,2
5275,11
5276,2
5277,7
5278,12
5279,10
5280,13
5281,1
5282,11
5283,14
5284,11
5285,5
5286,5
5287,11
5288,9
5289,3
5290,6
5291,6
5292,4
5293,10
5294,13
5295,2
5296,4
5297,11
5298,6
5299,2
5300,3
5301,10
5302,8
5303,9
5304,4
5305,8
5306,5
5307,13
5308,1
5309,2
5310,6
5311,5
5312,5
5313,14
5314,3
5315,6
5316,7
5317,12
5318,5
5319,8
5320,11
5321,12
5322,8
5323,1
5324,13
5325,8
5326,6
5327,4
5328,3
5329,3
5330,3
5331,5
5332,3
5333,9
5334,1
5335,1
5336,2
5337,1
5338,5
5339,8
5340,13
5341,12
5342,4
5343,7
5344,13
5345,8
5346,12
5347,7
5348,2
5349,1
5350,2
5351,15
5352,3
5353,16
5354,10
5355,1
5356,11
5357,12
5358,4
5359,6
5360,2
5361,2
5362,8
5363,13
5364,10
5365,4
5366,11
5367,13
5368,11
5369,3
5370,6
5371,12
5372,5
5373,4
5374,12
5375,3
5376,10
5377,8
5378,14
5379,6
5380,4
5381,7
5382,2
5383,13
5384,6
5385,6
5386,8
5387,13
5388,14
5389,13
5390,7
5391,7
5392,14
5393,7
5394,11
5395,9
5396,13
5397,9
5398,2
5399,5
5400,6
5401,9
5402,4
5403,7
5404,6
5405,3
5406,12
5407,12
5408,2
5409,12
5410,4
5411,3
5412,7
5413,11
5414,7
5415,1
5416,2
5417,12
5418,9
5419,2
5420,11
5421,3
5422,5
5423,1
5424,11
5425,4
5426,6
5427,5
5428,5
5429,11
5430,7
5431,10
5432,6
5433,11
5434,5
5435,5
5436,7
5437,4
5438,3
5439,13
5440,8
5441,6
5442,9
5443,6
5444,6
5445,1
5446,6
5447,7
5448,6
5449,8
5450,3
5451,10
5452,7
5453,9
5454,7
5455,6
5456,14
5457,4
5458,10
5459,6
5460,6
5461,7
5462,8
5463,9
5464,12
5465,5
5466,14
5467,6
5468,7
5469,8
5470,7
5471,6
5472,4
5473,10
5474,7
5475,6
5476,16
5477,7
5478,7
5479,12
5480,2
5481,13
5482,9
5483,4
5484,9
5485,1
5486,14
5487,6
5488,1
5489,11
5490,5
5491,8
5492,4
5493,11
5494,11
5495,4
5496,12
5497,15
5498,7
5499,13
5500,3
5501,15
5502,7
5503,4
5504,5
5505,9
5506,6
5507,2
5508,14
5509,7
5510,3
5511,2
5512,6
5513,15
5514,6
5515,5
5516,5
5517,7
5518,4
5519,6
5520,9
5521,9
5522,11
5523,6
5524,5
5525,6
5526,7
5527,13
5528,14
5529,5
5530,3
5531,4
5532,11
5533,13
5534,13
5535,7
5536,2
5537,8
5538,9
5539,5
5540,5
5541,8
5542,4
5543,4
5544,11
5545,0
5546,13
5547,14
5548,7
5549,7
5550,11
5551,11
5552,5
5553,12
5554,3
5555,3
5556,14
5557,10
5558,6
5559,14
5560,2
5561,7
5562,7
5563,6
5564,12
5565,3
5566,5
5567,6
5568,10
5569,2
5570,7
5571,9
5572,12
5573,8
5574,6
5575,8
5576,7
5577,10
5578,6
5579,15
5580,1
5581,3
5582,9
5583,11
5584,12
5585,8
5586,6
5587,13
5588,3
5589,5
5590,3
5591,6
5592,7
5593,15
5594,15
5595,12
5596,12
5597,5
5598,7
5599,7
5600,10
5601,14
5602,4
5603,3
5604,8
5605,8
5606,5
5607,6
5608,8
5609,11
5610,0
5611,5
5612,15
5613,13
5614,8
5615,5
5616,5
5617,6
5618,2
5619,12
5620,9
5621,6
5622,12
5623,8
5624,8
5625,3
5626,4
5627,11
5628,6
5629,2
5630,6
5631,6
5632,10
5633,6
5634,10
5635,7
5636,11
5637,5
5638,12
5639,11
5640,8
5641,1
5642,13
5643,8
5644,13
5645,2
5646,15
5647,5
5648,12
5649,7
5650,9
5651,7
5652,8
5653,0
5654,3
5655,4
5656,3
5657,4
5658,7
5659,5
5660,4
5661,12
5662,5
5663,6
5664,9
5665,8
5666,2
5667,7
5668,5
5669,14
5670,6
5671,8
5672,2
5673,3
5674,7
5675,5
5676,3
5677,6
5678,4
5679,3
5680,11
5681,7
5682,15
5683,3
5684,11
5685,6
5686,11
5687,6
5688,13
5689,3
5690,7
5691,12
5692,11
5693,5
5694,14
5695,8
5696,0
5697,10
5698,13
5699,13
5700,13
5701,4
5702,1
5703,3
5704,9
5705,6
5706,7
5707,15
5708,1
5709,6
5710,8
5711,5
5712,5
5713,8
5714,13
5715,14
5716,1
5717,7
5718,1
5719,9
5720,8
5721,7
5722,10
5723,2
5724,11
5725,8
5726,7
5727,9
5728,11
5729,12
5730,9
5731,13
5732,1
5733,13
5734,12
5735,5
5736,6
5737,5
5738,8
5739,11
5740,7
5741,9
5742,11
5743,6
5744,6
5745,7
5746,15
5747,7
5748,6
5749,4
5750,7
5751,11
5752,12
5753,8
5754,8
5755,6
5756,10
5757,11
5758,13
5759,10
5760,10
5761,7
5762,13
5763,4
5764,3
5765,4
5766,13
5767,4
5768,7
5769,3
5770,3
5771,7
5772,7
5773,8
5774,3
5775,3
5776,14
5777,6
5778,10
5779,5
5780,12
5781,11
5782,1
5783,5
5784,7
5785,5
5786,8
5787,11
5788,7
5789,7
5790,4
5791,11
5792,7
5793,6
5794,6
5795,3
5796,7
5797,10
5798,6
5799,7
5800,5
5801,9
5802,10
5803,15
5804,14
5805,6
5806,12
5807,10
5808,7
5809,10
5810,14
5811,15
5812,12
5813,2
5814,12
5815,5
5816,9
5817,7
5818,10
5819,9
5820,1
5821,14
5822,6
5823,14
5824,7
5825,9
5826,3
5827,0
5828,8
5829,4
5830,12
5831,4
5832,1
5833,12
5834,9
5835,6
5836,8
5837,9
5838,3
5839,4
5840,6
5841,13
5842,11
5843,12
5844,3
5845,11
5846,9
5847,5
5848,18
5849,3
5850,13
5851,13
5852,15
5853,9
5854,3
5855,1
5856,14
5857,9
5858,5
5859,12
5860,10
5861,6
5862,10
5863,2
5864,4
5865,3
5866,2
5867,4
5868,2
5869,6
5870,12
5871,7
5872,12
5873,7
5874,14
5875,10
5876,3
5877,9
5878,4
5879,11
5880,10
5881,12
5882,6
5883,2
5884,9
5885,13
5886,6
5887,2
5888,5
5889,9
5890,12
5891,14
5892,4
5893,6
5894,2
5895,6
5896,1
5897,11
5898,5
5899,11
5900,5
5901,11
5902,13
5903,14
5904,2
5905,5
5906,8
5907,14
5908,3
5909,11
5910,4
5911,1
5912,7
5913,7
5914,13
5915,14
5916,16
5917,12
5918,2
5919,7
5920,13
5921,4
5922,9
5923,6
5924,4
5925,11
5926,5
5927,12
5928,7
5929,13
5930,6
5931,10
5932,13
5933,12
5934,5
5935,14
5936,6
5937,12
5938,14
5939,13
5940,14
5941,9
5942,3
5943,2
5944,4
5945,5
5946,11
5947,5
5948,12
5949,10
5950,0
5951,7
5952,1
5953,4
5954,15
5955,9
5956,2
5957,14
5958,8
5959,2
5960,10
5961,12
5962,3
5963,5
5964,5
5965,3
5966,1
5967,14
5968,3
5969,6
5970,14
5971,13
5972,7
5973,5
5974,6
5975,5
5976,7
5977,11
5978,11
5979,6
5980,2
5981,6
5982,5
5983,11
5984,11
5985,13
5986,2
5987,5
5988,3
5989,7
5990,8
5991,6
5992,3
5993,8
5994,13
5995,13
5996,12
5997,13
5998,9
5999,2
